"Name","Color","Rarity","# Seen","ALSA","# Picked","ATA","# GP","% GP","GP WR","# OH","OH WR","# GD","GD WR","# GIH","GIH WR","# GNS","GNS WR","IIH"
"Sire of Seven Deaths","","M","1940","1.09","1819","1.09","11484","99.2%","58.7%","2018","58.9%","3055","66.8%","5073","63.7%","6388","54.6%","9.0pp"
"Arahbo, the First Fang","W","R","3546","1.03","1935","1.03","10342","84.0%","57.8%","1873","63.4%","2571","62.3%","4444","62.8%","5786","53.8%","9.0pp"
"Armasaur Guide","W","C","139587","6.86","12990","10.12","18999","23.2%","52.8%","3193","51.0%","4433","53.1%","7626","52.2%","11400","53.2%","-1.0pp"
"Cat Collector","W","U","20168","2.15","7095","2.40","38670","87.4%","57.2%","6935","59.8%","9596","59.3%","16531","59.5%","22130","55.4%","4.2pp"
"Celestial Armor","W","R","3602","1.03","2246","1.03","12327","87.6%","57.7%","2102","61.7%","3119","63.0%","5221","62.5%","7102","54.1%","8.4pp"
"Claws Out","W","U","43320","4.16","3375","5.80","11409","55.2%","55.2%","1819","50.4%","2752","56.0%","4571","53.8%","6843","56.1%","-2.3pp"
"Crystal Barricade","W","R","7876","1.94","708","2.17","2160","52.6%","49.3%","390","","491","","881","45.9%","1262","51.9%","-6.0pp"
"Dauntless Veteran","W","U","30886","3.04","2911","3.92","13476","77.5%","53.9%","2301","52.8%","3138","52.1%","5439","52.4%","7973","54.8%","-2.4pp"
"Dazzling Angel","W","C","62037","2.53","15935","3.00","90883","90.8%","57.2%","15990","58.7%","22487","58.3%","38477","58.5%","51662","56.0%","2.5pp"
"Divine Resilience","W","U","54984","6.37","7032","8.75","13879","31.5%","52.7%","2205","49.6%","3327","51.9%","5532","51.0%","8220","53.7%","-2.7pp"
"Exemplar of Light","W","R","3720","1.07","2308","1.07","12405","88.1%","56.0%","2118","57.3%","3186","61.1%","5304","59.6%","7104","53.4%","6.2pp"
"Felidar Savior","W","C","61202","2.54","10343","3.20","58729","90.0%","57.8%","9947","57.9%","14573","60.4%","24520","59.4%","33681","56.4%","3.0pp"
"Fleeting Flight","W","C","121827","4.82","13053","6.77","56591","69.4%","56.8%","9256","56.3%","13734","58.4%","22990","57.6%","32728","56.0%","1.6pp"
"Guarded Heir","W","U","33910","3.27","6689","4.02","34197","81.7%","57.0%","5670","56.7%","8412","59.2%","14082","58.2%","19794","55.9%","2.3pp"
"Hare Apparent","W","C","117896","4.62","5642","6.98","12796","37.2%","53.6%","2414","50.5%","2845","51.8%","5259","51.2%","7446","55.3%","-4.0pp"
"Helpful Hunter","W","C","61973","2.53","12563","3.16","70584","89.3%","57.2%","13042","58.9%","17159","58.0%","30201","58.4%","39739","56.3%","2.1pp"
"Herald of Eternal Dawn","W","M","1992","1.15","993","1.15","4857","79.5%","55.4%","802","53.4%","1209","62.3%","2011","58.7%","2845","53.0%","5.7pp"
"Inspiring Paladin","W","C","101915","3.88","8323","5.61","38429","75.4%","55.3%","6706","55.5%","8897","55.1%","15603","55.3%","22840","55.3%","0.0pp"
"Joust Through","W","U","31257","3.04","5297","3.88","29483","88.6%","56.7%","4922","56.9%","7248","58.5%","12170","57.9%","16812","55.7%","2.2pp"
"Luminous Rebuke","W","C","77833","3.07","13789","3.97","77394","89.1%","57.3%","13201","56.8%","19778","59.7%","32979","58.5%","44392","56.3%","2.2pp"
"Prideful Parent","W","C","78077","3.07","8345","4.21","43904","85.7%","55.7%","7794","56.5%","10556","55.4%","18350","55.9%","25224","55.4%","0.5pp"
"Raise the Past","W","R","5305","1.44","489","1.49","1121","39.2%","50.0%","163","","318","","481","","640","51.1%",""
"Skyknight Squire","W","R","3723","1.06","2082","1.05","11269","87.9%","56.2%","2043","62.7%","2717","54.6%","4760","58.1%","6432","54.7%","3.3pp"
"Squad Rallier","W","C","126822","5.15","14851","7.18","59704","63.8%","57.0%","10020","55.1%","14906","57.6%","24926","56.6%","34826","57.3%","-0.7pp"
"Sun-Blessed Healer","W","U","18284","2.00","5826","2.29","31966","88.5%","56.7%","5691","58.4%","7811","58.2%","13502","58.3%","18464","55.6%","2.7pp"
"Twinblade Blessing","W","U","55239","6.38","6096","9.06","7812","20.8%","50.2%","1284","47.9%","1837","47.8%","3121","47.9%","4693","51.7%","-3.8pp"
"Valkyrie's Call","W","M","2132","1.16","1286","1.16","6807","84.5%","56.3%","1174","55.5%","1747","60.7%","2921","58.6%","3878","54.4%","4.2pp"
"Vanguard Seraph","W","C","99379","3.78","10059","5.32","48341","78.0%","55.5%","8072","54.6%","11964","55.4%","20036","55.1%","28369","55.8%","-0.7pp"
"Arcane Epiphany","U","U","43148","4.32","9821","5.26","49434","79.9%","57.3%","8052","56.1%","13992","59.9%","22044","58.5%","27342","56.3%","2.1pp"
"Archmage of Runes","U","R","4655","1.29","2029","1.30","11272","89.8%","56.7%","1915","56.1%","3334","59.3%","5249","58.1%","6036","55.4%","2.7pp"
"Bigfin Bouncer","U","C","96717","3.81","24517","4.77","144753","92.0%","58.7%","24520","58.7%","41913","62.0%","66433","60.8%","78161","56.9%","3.8pp"
"Cephalid Inkmage","U","U","49256","5.21","6729","7.05","22664","53.7%","55.3%","3862","52.6%","6433","56.8%","10295","55.2%","12321","55.3%","-0.1pp"
"Clinquant Skymage","U","U","49344","5.17","9397","6.37","37323","65.5%","52.6%","6292","50.2%","10486","54.4%","16778","52.8%","20520","52.5%","0.4pp"
"Curator of Destinies","U","R","4009","1.15","2573","1.14","15484","92.6%","59.1%","2558","61.2%","4482","65.3%","7040","63.8%","8429","55.1%","8.7pp"
"Drake Hatcher","U","R","4757","1.31","2110","1.31","12046","91.4%","56.8%","2218","62.5%","3399","57.4%","5617","59.4%","6419","54.4%","5.0pp"
"Elementalist Adept","U","C","143729","7.97","32504","9.93","79520","38.4%","55.3%","14240","55.6%","21167","55.1%","35407","55.3%","43937","55.3%","-0.0pp"
"Erudite Wizard","U","C","143274","8.01","30679","10.03","77940","39.9%","54.4%","13743","54.6%","21683","55.0%","35426","54.8%","42361","54.0%","0.8pp"
"Faebloom Trick","U","U","29457","2.94","11027","3.33","67108","94.6%","59.2%","11753","59.5%","19212","63.1%","30965","61.7%","36070","57.0%","4.7pp"
"Grappling Kraken","U","U","48920","5.19","6677","7.00","20289","49.3%","53.9%","3317","50.7%","5852","57.3%","9169","54.9%","11141","53.0%","1.9pp"
"High Fae Trickster","U","R","4769","1.32","2040","1.31","11573","91.7%","55.8%","1973","56.5%","3245","58.3%","5218","57.6%","6354","54.2%","3.4pp"
"Homunculus Horde","U","R","6286","1.64","1924","1.65","9918","85.0%","53.9%","1711","53.0%","2938","56.3%","4649","55.1%","5261","52.7%","2.4pp"
"Icewind Elemental","U","C","141240","7.14","29581","9.12","96700","51.3%","56.4%","16337","54.1%","27436","58.0%","43773","56.5%","52958","56.2%","0.3pp"
"Inspiration from Beyond","U","U","56067","7.11","8255","9.70","10272","19.6%","53.9%","1730","50.5%","2818","56.2%","4548","54.0%","5719","53.8%","0.2pp"
"Kaito, Cunning Infiltrator","U","M","2002","1.15","1442","1.15","8120","89.3%","57.4%","1450","58.9%","2285","61.6%","3735","60.6%","4374","54.7%","5.9pp"
"Kiora, the Rising Tide","U","R","4365","1.23","2802","1.23","16763","93.9%","58.8%","2966","63.7%","4819","62.9%","7785","63.2%","8976","54.9%","8.3pp"
"Lunar Insight","U","R","8977","2.17","691","2.39","2158","50.9%","51.3%","341","","624","55.6%","965","53.4%","1190","49.5%","3.9pp"
"Mischievous Mystic","U","U","24633","2.54","11436","2.75","71066","95.4%","59.8%","12912","65.8%","20629","62.5%","33541","63.8%","37429","56.2%","7.5pp"
"Refute","U","C","142279","6.56","42682","7.50","210756","76.9%","58.6%","35745","58.5%","59903","61.1%","95648","60.1%","114878","57.2%","2.9pp"
"Rune-Sealed Wall","U","U","55658","7.04","11459","8.82","28238","39.5%","53.1%","5025","51.6%","7694","53.4%","12719","52.7%","15444","53.5%","-0.8pp"
"Skyship Buccaneer","U","U","34685","3.41","8177","4.15","46665","89.2%","58.2%","7876","56.3%","13548","61.4%","21424","59.5%","25237","57.1%","2.4pp"
"Sphinx of Forgotten Lore","U","M","1963","1.15","1264","1.13","7073","89.8%","58.1%","1236","57.2%","2130","63.4%","3366","61.1%","3718","55.4%","5.7pp"
"Strix Lookout","U","C","139023","6.58","40789","7.73","205824","79.6%","57.1%","37346","57.6%","55884","57.7%","93230","57.6%","112081","56.5%","1.1pp"
"Uncharted Voyage","U","C","105634","4.23","12322","5.99","60862","77.0%","59.1%","10051","57.7%","17536","61.6%","27587","60.2%","33227","58.2%","2.0pp"
"Abyssal Harvester","B","R","4157","1.21","1995","1.22","11346","91.1%","56.9%","1990","57.7%","3012","60.3%","5002","59.2%","6364","54.9%","4.3pp"
"Arbiter of Woe","B","U","29483","2.96","8557","3.44","50794","92.0%","58.8%","8352","57.6%","13785","63.2%","22137","61.1%","28555","56.9%","4.2pp"
"Billowing Shriekmass","B","U","44058","4.36","7352","5.74","32348","70.8%","55.7%","5469","53.2%","8652","59.1%","14121","56.8%","18193","54.7%","2.1pp"
"Blasphemous Edict","B","R","3920","1.11","2187","1.11","12315","88.9%","58.4%","2083","58.0%","3277","62.1%","5360","60.5%","6932","56.8%","3.8pp"
"Bloodthirsty Conqueror","B","M","1767","1.02","1507","1.02","8905","91.7%","58.3%","1554","61.9%","2419","64.0%","3973","63.2%","4924","54.4%","8.7pp"
"Crypt Feaster","B","C","143378","7.83","17656","11.03","12687","11.2%","53.1%","2136","48.3%","3211","53.5%","5347","51.4%","7351","54.3%","-2.9pp"
"Gutless Plunderer","B","C","143068","7.74","37320","9.41","125826","52.6%","56.5%","21807","55.6%","31417","58.1%","53224","57.1%","72227","56.1%","1.0pp"
"High-Society Hunter","B","R","3947","1.13","2726","1.13","15793","93.0%","57.3%","2640","57.8%","4253","62.6%","6893","60.8%","8888","54.6%","6.2pp"
"Hungry Ghoul","B","C","118401","4.80","23028","6.31","122396","83.4%","57.5%","22050","58.1%","29899","57.9%","51949","58.0%","70156","57.1%","0.9pp"
"Infernal Vessel","B","U","29286","2.92","8983","3.45","53926","93.9%","58.4%","9519","60.3%","13943","60.1%","23462","60.2%","30365","57.0%","3.2pp"
"Infestation Sage","B","C","119569","4.87","24565","6.36","133646","85.1%","58.0%","24179","59.9%","33199","58.0%","57378","58.8%","75892","57.4%","1.4pp"
"Midnight Snack","B","U","57128","7.80","10051","10.35","9250","14.5%","51.5%","1535","47.0%","2154","53.1%","3689","50.6%","5561","52.2%","-1.6pp"
"Nine-Lives Familiar","B","R","5950","1.57","1270","1.64","5991","78.0%","53.3%","1069","52.3%","1478","54.5%","2547","53.6%","3431","53.1%","0.5pp"
"Revenge of the Rats","B","U","53259","5.95","6160","8.48","9924","25.9%","53.1%","1658","49.8%","2448","55.0%","4106","52.9%","5812","53.2%","-0.3pp"
"Sanguine Syphoner","B","C","140117","6.96","25947","8.93","88789","53.8%","55.9%","16179","56.8%","20653","55.1%","36832","55.9%","51592","55.9%","-0.0pp"
"Seeker's Folly","B","U","53213","5.87","11919","7.40","44938","59.6%","57.2%","7886","56.6%","11664","59.0%","19550","58.0%","25370","56.6%","1.4pp"
"Soul-Shackled Zombie","B","C","141730","7.33","32274","9.17","109207","52.6%","57.6%","18133","55.3%","28042","60.7%","46175","58.5%","63016","56.9%","1.7pp"
"Stab","B","C","74399","2.98","23042","3.60","138881","94.0%","58.6%","24566","60.3%","35713","61.1%","60279","60.8%","74881","56.3%","4.5pp"
"Tinybones, Bauble Burglar","B","R","4367","1.20","1932","1.22","10921","90.0%","57.2%","2016","61.6%","2755","59.7%","4771","60.5%","6134","54.6%","5.9pp"
"Tragic Banshee","B","U","26274","2.70","9083","3.11","54186","93.5%","58.4%","8893","57.9%","14433","62.6%","23326","60.8%","30828","56.6%","4.2pp"
"Vampire Gourmand","B","U","23887","2.50","7599","2.84","46046","93.9%","59.0%","8444","61.7%","11779","61.5%","20223","61.6%","25708","56.9%","4.7pp"
"Vampire Soulcaller","B","C","134711","6.07","22162","8.27","84111","59.8%","56.5%","13740","52.6%","21514","58.8%","35254","56.4%","48764","56.5%","-0.1pp"
"Vengeful Bloodwitch","B","U","33114","3.19","6287","4.01","34018","87.3%","56.1%","6076","54.9%","8203","58.4%","14279","56.9%","19622","55.3%","1.6pp"
"Zul Ashur, Lich Lord","B","R","4688","1.31","926","1.35","4355","74.4%","56.9%","784","59.7%","1062","58.9%","1846","59.3%","2498","55.2%","4.0pp"
"Battlesong Berserker","R","U","23672","2.49","3208","2.99","17479","85.8%","58.6%","2983","59.4%","3941","59.5%","6924","59.4%","10576","58.1%","1.3pp"
"Boltwave","R","U","57466","9.09","12096","11.42","6929","8.9%","48.9%","1188","43.5%","1551","50.4%","2739","47.4%","4118","49.7%","-2.3pp"
"Bulk Up","R","U","57735","9.14","12208","11.48","7606","9.6%","52.7%","1267","50.7%","1672","52.0%","2939","51.4%","4669","53.5%","-2.0pp"
"Chandra, Flameshaper","R","M","1769","1.03","1177","1.03","6064","81.8%","59.3%","1034","63.8%","1518","68.0%","2552","66.3%","3509","54.2%","12.1pp"
"Courageous Goblin","R","C","103295","4.11","5035","6.13","23617","74.2%","57.6%","4306","59.0%","4953","54.6%","9259","56.7%","14323","58.2%","-1.5pp"
"Crackling Cyclops","R","C","142490","7.88","11108","11.65","7793","11.0%","50.6%","1303","50.3%","1839","48.1%","3142","49.0%","4642","51.6%","-2.6pp"
"Dragon Trainer","R","U","31258","3.12","5263","3.77","26690","80.9%","57.2%","4549","56.5%","6190","58.8%","10739","57.8%","15893","56.7%","1.1pp"
"Electroduplicate","R","R","10836","2.54","686","2.94","1192","29.3%","49.2%","183","","280","","463","","731","50.8%",""
"Fiery Annihilation","R","U","21860","2.34","5258","2.64","28673","86.6%","58.5%","4957","59.5%","6717","62.1%","11674","61.0%","16993","56.7%","4.3pp"
"Goblin Boarders","R","C","137830","6.56","15481","8.77","57344","58.5%","56.7%","9725","56.5%","12323","55.1%","22048","55.7%","35294","57.2%","-1.5pp"
"Goblin Negotiation","R","U","55669","6.95","7483","9.41","12494","26.4%","54.1%","2037","51.8%","2848","55.6%","4885","54.0%","7609","54.1%","-0.1pp"
"Gorehorn Raider","R","C","96387","3.80","6670","5.38","32607","77.1%","58.4%","5268","57.7%","7325","60.3%","12593","59.2%","20014","57.9%","1.3pp"
"Incinerating Blast","R","C","138215","6.56","13273","9.25","34520","41.3%","54.4%","5690","51.5%","7881","54.8%","13571","53.4%","20946","55.1%","-1.7pp"
"Kellan, Planar Trailblazer","R","R","4062","1.15","1630","1.15","8136","79.4%","56.8%","1571","65.1%","1801","56.4%","3372","60.4%","4760","54.3%","6.1pp"
"Rite of the Dragoncaller","R","M","5611","2.59","1245","2.66","3746","51.6%","49.0%","638","47.8%","973","49.3%","1611","48.7%","2136","49.1%","-0.4pp"
"Searslicer Goblin","R","R","3552","1.03","1600","1.03","8491","84.1%","58.4%","1604","64.9%","1971","59.3%","3575","61.8%","4902","56.0%","5.8pp"
"Slumbering Cerberus","R","U","26139","2.70","2497","3.40","13919","87.5%","58.7%","2455","61.4%","2928","58.7%","5383","59.9%","8542","58.0%","2.0pp"
"Sower of Chaos","R","C","143014","7.88","15043","10.95","22166","22.9%","57.2%","3669","53.7%","4775","57.7%","8444","55.9%","13742","58.0%","-2.1pp"
"Strongbox Raider","R","U","34429","3.37","3805","4.40","19115","79.7%","57.7%","3213","57.1%","4189","58.9%","7402","58.1%","11714","57.4%","0.7pp"
"Twinflame Tyrant","R","M","2034","1.15","1227","1.13","6161","79.8%","57.9%","1054","61.6%","1456","63.2%","2510","62.5%","3658","54.6%","7.9pp"
"Ambush Wolf","G","C","142882","7.70","28748","9.33","105883","57.7%","57.3%","18607","58.0%","24089","57.3%","42696","57.6%","63101","57.1%","0.5pp"
"Apothecary Stomper","G","C","142735","7.79","21795","10.19","44689","32.2%","54.9%","7201","52.6%","10413","56.0%","17614","54.6%","27035","55.0%","-0.4pp"
"Beast-Kin Ranger","G","C","127454","5.35","18438","6.85","95580","81.8%","57.6%","17140","59.4%","21416","57.0%","38556","58.1%","56959","57.2%","0.9pp"
"Cackling Prowler","G","C","135573","6.17","19867","7.92","83932","67.3%","56.3%","14206","56.2%","18890","56.7%","33096","56.5%","50756","56.2%","0.3pp"
"Eager Trufflesnout","G","U","36442","3.57","5649","4.54","31606","89.0%","57.6%","5614","59.5%","7285","58.1%","12899","58.7%","18692","56.7%","2.0pp"
"Elfsworn Giant","G","C","140681","6.95","21022","8.89","71527","54.1%","55.1%","11867","52.4%","16726","56.0%","28593","54.5%","42892","55.5%","-1.0pp"
"Elvish Regrower","G","U","25965","2.65","6257","3.09","36527","93.0%","57.6%","6103","57.2%","8567","60.8%","14670","59.3%","21745","56.3%","3.0pp"
"Felling Blow","G","U","26055","2.64","6361","3.10","37189","91.9%","58.1%","6249","60.0%","8816","62.6%","15065","61.5%","22115","55.8%","5.7pp"
"Loot, Exuberant Explorer","G","R","4628","1.30","1769","1.32","9186","85.9%","55.5%","1593","58.8%","2149","56.4%","3742","57.4%","5424","54.1%","3.3pp"
"Mossborn Hydra","G","R","4628","1.32","1906","1.34","10240","86.3%","56.5%","1800","58.2%","2452","58.9%","4252","58.6%","5983","54.8%","3.8pp"
"Needletooth Pack","G","U","30399","3.04","4194","3.78","22985","89.0%","55.9%","3721","53.7%","5441","57.4%","9162","55.9%","13806","55.8%","0.2pp"
"Preposterous Proportions","G","R","5247","1.41","613","1.46","2361","65.7%","54.3%","384","","553","57.9%","937","55.6%","1426","53.4%","2.2pp"
"Quakestrider Ceratops","G","U","53551","6.08","7085","8.17","18918","42.9%","54.1%","3169","50.2%","4359","56.3%","7528","53.7%","11397","54.2%","-0.4pp"
"Quilled Greatwurm","G","M","2344","1.31","1252","1.32","6604","85.3%","56.1%","1081","55.8%","1666","60.5%","2747","58.6%","3845","54.0%","4.7pp"
"Spinner of Souls","G","R","3699","1.07","2121","1.07","12349","90.1%","58.3%","2248","64.9%","2969","64.3%","5217","64.6%","7147","53.7%","10.9pp"
"Sylvan Scavenging","G","R","3960","1.15","2185","1.15","12530","89.4%","59.0%","2167","67.4%","2983","63.2%","5150","65.0%","7372","54.7%","10.3pp"
"Treetop Snarespinner","G","C","127297","5.35","22487","6.69","112210","79.6%","56.3%","18777","55.9%","27029","58.0%","45806","57.2%","66147","55.6%","1.6pp"
"Alesha, Who Laughs at Fate","BR","R","3639","1.06","1994","1.06","10670","85.5%","58.5%","1819","65.1%","2666","63.4%","4485","64.1%","6192","54.4%","9.7pp"
"Anthem of Champions","WG","R","4499","1.25","1142","1.25","4920","72.1%","54.3%","857","57.8%","1151","55.7%","2008","56.6%","2911","52.7%","3.9pp"
"Ashroot Animist","RG","R","4126","1.16","1446","1.14","6856","76.7%","57.6%","1189","60.6%","1579","59.8%","2768","60.2%","4086","55.9%","4.3pp"
"Dreadwing Scavenger","UB","U","37234","3.49","12264","3.76","68164","85.6%","59.8%","12092","63.9%","20279","64.2%","32371","64.1%","35751","55.9%","8.2pp"
"Elenda, Saint of Dusk","WB","R","3600","1.06","2153","1.06","11787","86.2%","57.3%","2123","62.8%","2964","63.1%","5087","63.0%","6673","52.9%","10.1pp"
"Fiendish Panda","WB","U","32355","3.10","5706","3.70","27230","77.8%","55.3%","4627","54.1%","6604","56.6%","11231","55.6%","16020","55.0%","0.5pp"
"Koma, World-Eater","UG","R","5242","1.44","2519","1.43","12129","78.4%","55.8%","2052","59.2%","3415","62.9%","5467","61.5%","6653","51.1%","10.3pp"
"Kykar, Zephyr Awakener","WU","R","4325","1.20","2074","1.20","10266","80.9%","56.1%","1725","60.5%","2979","59.4%","4704","59.8%","5588","53.0%","6.8pp"
"Niv-Mizzet, Visionary","UR","M","4868","2.28","1098","2.29","2901","46.2%","48.9%","483","","790","49.1%","1273","47.4%","1641","49.8%","-2.5pp"
"Perforating Artist","BR","U","36521","3.45","6546","3.85","30404","74.4%","58.2%","5369","62.2%","6973","60.0%","12342","61.0%","18075","56.3%","4.7pp"
"Wardens of the Cycle","BG","U","49787","4.89","6897","5.93","26361","63.3%","53.6%","4367","52.7%","6488","55.9%","10855","54.6%","15478","52.8%","1.8pp"
"Zimone, Paradox Sculptor","UG","M","2077","1.21","1451","1.21","7925","88.5%","58.0%","1351","65.4%","2171","62.7%","3522","63.8%","4389","53.2%","10.6pp"
"Banner of Kinship","","R","13037","2.87","1520","3.33","2843","31.0%","49.6%","454","","678","48.4%","1132","46.6%","1711","51.6%","-5.0pp"
"Fishing Pole","","U","58014","9.70","13958","12.17","2239","2.5%","49.9%","380","","507","42.2%","887","43.3%","1352","54.2%","-10.9pp"
"Leyline Axe","","R","4272","1.19","3132","1.19","19674","97.0%","59.3%","3789","68.5%","4870","59.5%","8659","63.4%","10987","56.0%","7.5pp"
"Quick-Draw Katana","","C","144830","9.24","25595","11.91","18016","10.8%","54.1%","3065","51.2%","4049","53.3%","7114","52.4%","10900","55.1%","-2.7pp"
"Ravenous Amulet","","U","57958","9.15","15118","11.13","14020","14.4%","54.8%","2434","51.4%","3523","53.7%","5957","52.7%","8053","56.3%","-3.5pp"
"Scrawling Crawler","","R","4381","1.25","2620","1.24","16303","98.3%","58.1%","2906","60.3%","4274","62.0%","7180","61.3%","9143","55.6%","5.7pp"
"Soulstone Sanctuary","","R","5081","1.38","1188","1.41","6968","93.3%","56.8%","1179","56.1%","1763","60.6%","2942","58.8%","4023","55.4%","3.4pp"
"Ajani, Caller of the Pride","W","M","1947","1.14","1264","1.14","6472","84.9%","55.5%","1163","57.1%","1630","58.1%","2793","57.7%","3677","53.8%","3.9pp"
"Ajani's Pridemate","W","U","22804","2.33","5310","2.70","28290","87.5%","55.7%","5291","57.6%","6675","54.9%","11966","56.1%","16094","55.3%","0.8pp"
"Angel of Finality","W","U","30986","3.06","5498","3.85","29517","86.5%","56.4%","4904","56.2%","7437","57.7%","12341","57.1%","17222","55.8%","1.3pp"
"Authority of the Consuls","W","R","7857","1.97","1198","2.13","4489","64.8%","51.6%","800","52.3%","1061","50.0%","1861","50.9%","2625","52.0%","-1.1pp"
"Banishing Light","W","C","55744","2.34","14375","2.81","79998","89.6%","56.8%","13720","56.4%","20292","58.9%","34012","57.9%","45953","56.0%","1.9pp"
"Cathar Commando","W","C","86571","3.34","8333","4.79","45061","87.1%","56.4%","8147","57.4%","10784","55.6%","18931","56.4%","26118","56.4%","-0.0pp"
"Day of Judgment","W","R","4116","1.13","2065","1.13","10230","81.0%","56.5%","1756","56.0%","2689","62.2%","4445","59.7%","5773","53.9%","5.8pp"
"Giada, Font of Hope","W","R","3609","1.06","1855","1.06","10076","86.7%","58.0%","1865","64.0%","2542","60.5%","4407","62.0%","5608","54.8%","7.2pp"
"Healer's Hawk","W","C","68936","2.78","14041","3.44","79770","90.7%","57.0%","14690","62.0%","19040","55.7%","33730","58.4%","45475","55.9%","2.6pp"
"Make Your Move","W","C","121486","4.84","14495","6.77","64910","72.1%","55.7%","10656","53.4%","16120","57.2%","26776","55.7%","38126","55.6%","0.1pp"
"Mischievous Pup","W","U","48794","4.84","6086","6.66","21721","59.4%","53.7%","3618","51.7%","5322","53.2%","8940","52.6%","12780","54.6%","-2.0pp"
"Resolute Reinforcements","W","U","31016","3.03","4057","4.02","20548","84.2%","54.9%","3709","54.2%","4862","53.1%","8571","53.6%","11849","55.9%","-2.3pp"
"Savannah Lions","W","U","43600","4.16","3594","5.88","14969","67.8%","55.1%","2717","57.7%","3266","51.8%","5983","54.5%","8891","55.4%","-0.9pp"
"Serra Angel","W","U","24726","2.57","4785","3.13","25898","88.8%","55.2%","4269","54.0%","6620","57.0%","10889","55.8%","15051","54.8%","1.0pp"
"Stroke of Midnight","W","U","55243","6.33","9321","8.13","28259","49.5%","53.4%","4623","50.0%","6970","54.3%","11593","52.6%","16669","54.0%","-1.4pp"
"Youthful Valkyrie","W","U","32064","3.08","6493","3.73","33009","82.9%","55.9%","6079","56.9%","8063","55.0%","14142","55.8%","18629","55.8%","0.0pp"
"Aegis Turtle","U","C","144664","9.17","25771","11.91","14902","9.0%","51.2%","2612","50.1%","3840","50.6%","6452","50.4%","8405","51.7%","-1.3pp"
"Aetherize","U","U","53447","6.09","7508","8.04","17463","37.5%","52.3%","2882","49.8%","4730","54.0%","7612","52.4%","9837","52.2%","0.2pp"
"Brineborn Cutthroat","U","U","42789","4.38","9406","5.43","49528","84.1%","56.9%","8905","57.7%","13493","57.3%","22398","57.5%","27037","56.5%","1.0pp"
"Essence Scatter","U","U","34341","3.40","9916","3.99","59118","93.4%","58.3%","10350","60.3%","16610","60.3%","26960","60.3%","32090","56.5%","3.8pp"
"Extravagant Replication","U","R","6275","1.63","1621","1.65","7828","80.0%","53.2%","1288","50.7%","2270","55.9%","3558","54.0%","4262","52.4%","1.7pp"
"Fleeting Distraction","U","C","140729","7.10","34885","8.61","138736","62.3%","56.8%","24109","54.8%","37295","58.3%","61404","56.9%","72184","56.2%","0.7pp"
"Imprisoned in the Moon","U","U","57349","7.86","16071","9.34","36062","35.8%","53.0%","6085","49.0%","10060","56.0%","16145","53.4%","19890","52.8%","0.6pp"
"Lightshell Duo","U","C","143508","7.97","35308","9.73","96817","42.5%","57.3%","16472","56.6%","27746","58.8%","44218","58.0%","52561","56.7%","1.3pp"
"Micromancer","U","U","32041","3.18","8964","3.67","44646","78.3%","59.3%","7572","59.5%","12845","62.3%","20417","61.3%","24162","57.5%","3.7pp"
"Mocking Sprite","U","C","135369","6.32","16482","8.68","45133","44.3%","52.9%","7828","51.2%","12020","53.4%","19848","52.5%","25191","53.2%","-0.7pp"
"An Offer You Can't Refuse","U","U","58856","9.15","12641","11.66","3593","4.3%","49.9%","603","49.3%","960","49.3%","1563","49.3%","1920","49.4%","-0.2pp"
"Omniscience","U","M","5486","2.54","486","3.01","100","3.4%","","10","","28","","38","","62","",""
"Run Away Together","U","C","142966","8.04","27900","10.29","46090","26.0%","53.6%","7793","49.6%","12663","55.2%","20456","53.0%","25596","54.1%","-1.0pp"
"Self-Reflection","U","U","55926","7.06","9890","9.37","16067","25.5%","56.0%","2605","53.5%","4483","59.3%","7088","57.2%","8945","54.9%","2.2pp"
"Spectral Sailor","U","U","26970","2.73","9376","3.13","57263","95.2%","58.5%","10288","60.8%","15864","60.1%","26152","60.4%","30961","56.9%","3.4pp"
"Think Twice","U","C","138561","6.11","40957","7.20","216090","82.9%","57.6%","38360","57.1%","58482","59.8%","96842","58.7%","118989","56.7%","2.1pp"
"Time Stop","U","R","8843","2.17","1027","2.39","3294","54.4%","52.2%","494","","912","52.0%","1406","51.0%","1888","53.0%","-2.0pp"
"Tolarian Terror","U","C","111817","4.53","14927","6.11","64020","70.0%","54.6%","10758","51.7%","18307","56.0%","29065","54.4%","34943","54.8%","-0.4pp"
"Witness Protection","U","C","141459","7.14","31017","8.90","105735","54.2%","54.9%","18276","52.8%","29252","57.0%","47528","55.4%","58152","54.4%","1.0pp"
"Bake into a Pie","B","C","74671","2.99","26916","3.50","161787","94.4%","58.2%","27415","57.4%","43625","62.4%","71040","60.5%","90442","56.3%","4.2pp"
"Burglar Rat","B","C","106448","4.17","24990","5.40","145990","91.7%","58.0%","26697","58.8%","37142","59.4%","63839","59.1%","81687","57.1%","2.1pp"
"Diregraf Ghoul","B","U","50959","5.52","7662","7.51","28946","59.3%","57.0%","5317","61.1%","6737","54.3%","12054","57.3%","16832","56.7%","0.6pp"
"Eaten Alive","B","C","75439","3.00","17312","3.78","103693","94.1%","57.8%","17496","56.0%","26846","61.1%","44342","59.1%","56673","56.3%","2.8pp"
"Exsanguinate","B","U","57814","9.03","13744","11.21","8710","9.8%","51.5%","1440","46.9%","2048","53.0%","3488","50.5%","5211","52.2%","-1.7pp"
"Fake Your Own Death","B","C","143077","7.75","36207","9.47","118667","50.9%","57.2%","19775","57.3%","29593","59.4%","49368","58.6%","69264","56.3%","2.3pp"
"Hero's Downfall","B","U","24869","2.52","10169","2.87","60368","94.2%","57.6%","10170","57.3%","15902","60.8%","26072","59.4%","34206","56.1%","3.3pp"
"Liliana, Dreadhorde General","B","M","1735","1.04","1535","1.04","9362","93.8%","60.2%","1643","66.6%","2586","68.2%","4229","67.6%","5078","53.8%","13.7pp"
"Macabre Waltz","B","C","142675","7.81","26282","10.19","52146","31.0%","54.8%","8579","50.3%","13265","55.8%","21844","53.7%","30294","55.6%","-2.0pp"
"Marauding Blight-Priest","B","C","140942","6.95","23400","9.12","63041","42.9%","54.5%","10825","53.1%","14886","54.2%","25711","53.7%","37333","55.0%","-1.3pp"
"Painful Quandary","B","R","10842","2.58","1214","2.92","3809","52.2%","51.0%","647","48.2%","947","52.1%","1594","50.5%","2207","51.3%","-0.8pp"
"Phyrexian Arena","B","R","4487","1.28","1466","1.28","7778","86.3%","55.4%","1338","57.0%","2018","56.4%","3356","56.6%","4419","54.5%","2.2pp"
"Pilfer","B","C","140881","7.01","22789","9.25","60290","41.3%","56.9%","10705","57.1%","15565","56.9%","26270","57.0%","33995","56.9%","0.1pp"
"Reassembling Skeleton","B","U","46624","4.68","9168","5.98","44329","78.7%","55.5%","7909","52.6%","10776","56.0%","18685","54.6%","25556","56.1%","-1.5pp"
"Rise of the Dark Realms","B","M","4278","2.16","941","2.30","3293","59.4%","53.2%","570","47.9%","929","58.7%","1499","54.6%","1780","51.9%","2.7pp"
"Rune-Scarred Demon","B","R","4247","1.19","2023","1.20","11439","90.4%","56.6%","1898","53.3%","3093","62.9%","4991","59.3%","6436","54.6%","4.7pp"
"Stromkirk Bloodthief","B","U","48836","5.09","7970","6.67","32587","65.7%","55.0%","5574","54.7%","8012","55.6%","13586","55.2%","18955","54.9%","0.4pp"
"Vampire Nighthawk","B","U","20294","2.15","9649","2.36","58469","94.9%","58.1%","10325","60.6%","15361","61.3%","25686","61.0%","32679","55.7%","5.3pp"
"Zombify","B","U","49132","5.09","7965","6.69","25937","52.1%","54.9%","4427","50.5%","6590","56.9%","11017","54.3%","14867","55.2%","-0.9pp"
"Abrade","R","U","24678","2.52","5430","2.96","29717","87.6%","57.4%","5278","58.2%","6921","59.2%","12199","58.8%","17511","56.5%","2.3pp"
"Axgard Cavalry","R","C","125500","5.34","6330","7.96","23037","56.7%","56.7%","4148","55.2%","4848","53.5%","8996","54.3%","13995","58.2%","-4.0pp"
"Brass's Bounty","R","R","10851","2.56","338","3.29","64","3.2%","","13","","12","","25","","39","",""
"Brazen Scourge","R","U","39995","3.99","3533","5.25","15189","70.8%","55.1%","2720","55.4%","3242","53.8%","5962","54.5%","9235","55.5%","-1.0pp"
"Burst Lightning","R","C","61189","2.55","12659","2.98","69880","86.9%","58.4%","12298","59.7%","15887","60.1%","28185","59.9%","40462","57.1%","2.8pp"
"Drakuseth, Maw of Flames","R","R","4595","1.28","1178","1.29","5203","74.9%","53.8%","862","51.4%","1226","55.6%","2088","53.9%","3106","53.7%","0.2pp"
"Etali, Primal Storm","R","R","4551","1.29","1716","1.28","8262","80.2%","54.3%","1352","55.0%","1954","55.9%","3306","55.6%","4952","53.4%","2.2pp"
"Fanatical Firebrand","R","C","130100","5.70","8854","8.19","28799","52.4%","54.7%","5209","55.9%","5951","53.5%","11160","54.6%","17585","54.7%","-0.1pp"
"Firebrand Archer","R","C","141608","7.42","16666","9.91","40817","39.3%","53.0%","7485","51.8%","9115","51.2%","16600","51.5%","24133","54.0%","-2.6pp"
"Firespitter Whelp","R","U","42836","4.31","4348","5.73","19189","72.3%","54.4%","3379","55.0%","4391","53.7%","7770","54.3%","11402","54.4%","-0.2pp"
"Flamewake Phoenix","R","R","4464","1.29","1016","1.32","4414","72.6%","53.3%","781","50.6%","986","55.1%","1767","53.1%","2646","53.4%","-0.3pp"
"Frenzied Goblin","R","U","51054","5.56","4292","7.84","12949","48.9%","53.8%","2324","53.4%","2701","51.0%","5025","52.1%","7895","55.0%","-2.9pp"
"Goblin Surprise","R","C","134861","6.14","12069","8.48","40304","53.9%","54.6%","6969","52.3%","8896","54.3%","15865","53.4%","24442","55.4%","-2.0pp"
"Heartfire Immolator","R","U","28814","2.91","4639","3.55","25549","87.0%","58.3%","4739","61.2%","5807","57.5%","10546","59.1%","14981","57.7%","1.5pp"
"Hidetsugu's Second Rite","R","U","57516","9.11","12451","11.39","8024","9.9%","56.9%","1348","56.8%","1756","59.2%","3104","58.2%","4918","56.0%","2.1pp"
"Involuntary Employment","R","C","139774","6.98","15341","9.32","36431","37.6%","56.9%","5841","54.3%","8421","59.1%","14262","57.2%","22140","56.8%","0.4pp"
"Krenko, Mob Boss","R","R","4095","1.20","1594","1.20","7935","81.8%","55.5%","1398","57.7%","1839","56.5%","3237","57.0%","4716","54.5%","2.6pp"
"Seismic Rupture","R","U","56176","7.01","5189","10.29","3201","9.7%","49.4%","552","46.0%","740","48.5%","1292","47.4%","1909","50.7%","-3.2pp"
"Shivan Dragon","R","U","39999","3.99","3386","5.49","12995","64.1%","53.3%","2170","50.2%","2912","53.1%","5082","51.9%","7922","54.1%","-2.3pp"
"Slagstorm","R","R","4801","1.29","723","1.31","2558","58.8%","54.7%","448","","622","53.5%","1070","54.7%","1487","54.7%","-0.0pp"
"Spitfire Lagac","R","C","143138","7.97","12590","11.49","8823","11.0%","51.1%","1486","50.9%","1908","49.2%","3394","49.9%","5436","51.8%","-1.9pp"
"Sure Strike","R","C","143353","7.87","15553","10.81","26784","26.8%","55.2%","4370","52.8%","5909","54.3%","10279","53.7%","16509","56.1%","-2.5pp"
"Thrill of Possibility","R","C","143355","7.89","17162","10.58","33449","30.8%","53.9%","5967","52.0%","7727","52.8%","13694","52.4%","19747","54.9%","-2.4pp"
"Affectionate Indrik","G","U","33483","3.29","4898","4.15","26330","85.7%","57.0%","4338","55.7%","6213","59.9%","10551","58.2%","15732","56.1%","2.0pp"
"Bite Down","G","C","87301","3.44","15153","4.37","89519","93.1%","57.5%","15015","56.8%","21094","60.2%","36109","58.8%","53404","56.6%","2.1pp"
"Blanchwood Armor","G","U","46198","4.75","2592","6.92","7653","47.2%","56.4%","1271","52.7%","1666","56.3%","2937","54.7%","4718","57.5%","-2.8pp"
"Broken Wings","G","C","144088","8.89","22553","11.60","18204","12.5%","52.6%","3022","51.0%","4170","51.6%","7192","51.3%","11028","53.4%","-2.1pp"
"Bushwhack","G","C","119172","4.87","17500","6.28","91720","84.0%","56.1%","16178","54.6%","21184","56.3%","37362","55.6%","53492","56.4%","-0.8pp"
"Doubling Season","G","M","5064","2.45","757","2.75","1601","35.8%","47.0%","256","","403","","659","41.3%","941","51.1%","-9.8pp"
"Dwynen, Gilt-Leaf Daen","G","U","36241","3.57","4400","4.55","21414","79.4%","55.6%","3689","54.4%","4788","55.8%","8477","55.1%","12921","55.7%","-0.6pp"
"Dwynen's Elite","G","C","120515","4.95","12009","6.67","55024","73.4%","56.3%","10066","56.6%","11893","55.3%","21959","55.9%","32945","56.5%","-0.7pp"
"Elvish Archdruid","G","R","6066","1.59","1457","1.64","6793","77.3%","55.2%","1171","59.4%","1552","57.3%","2723","58.2%","4058","53.1%","5.1pp"
"Garruk's Uprising","G","U","42785","4.26","5203","5.34","22879","71.5%","55.4%","3908","52.6%","5107","55.6%","9015","54.3%","13862","56.1%","-1.9pp"
"Genesis Wave","G","R","10612","2.47","837","2.74","2058","40.2%","52.9%","320","","449","","769","55.1%","1289","51.6%","3.5pp"
"Ghalta, Primal Hunger","G","R","4640","1.30","1803","1.31","9711","87.9%","55.7%","1592","54.3%","2370","59.5%","3962","57.4%","5742","54.5%","2.9pp"
"Giant Growth","G","C","142906","7.69","21744","9.87","58997","42.3%","56.7%","9591","55.3%","13165","57.0%","22756","56.3%","35946","56.9%","-0.6pp"
"Gnarlid Colony","G","C","126986","5.35","16428","7.05","85205","82.2%","56.5%","15458","55.8%","19075","56.2%","34533","56.0%","50505","56.8%","-0.8pp"
"Grow from the Ashes","G","C","136262","6.21","11546","8.68","28268","40.1%","50.5%","4962","46.7%","6586","50.7%","11548","49.0%","16711","51.5%","-2.6pp"
"Inspiring Call","G","U","56820","7.79","7470","10.67","6613","13.9%","51.8%","1067","46.1%","1519","52.7%","2586","50.0%","4029","53.0%","-3.1pp"
"Llanowar Elves","G","C","72285","2.91","14382","3.50","84388","93.6%","57.5%","15533","64.5%","18630","54.8%","34163","59.2%","50069","56.3%","2.9pp"
"Mild-Mannered Librarian","G","U","33398","3.31","5622","4.11","31940","89.9%","57.8%","5866","59.6%","7341","57.8%","13207","58.6%","18656","57.2%","1.4pp"
"Nessian Hornbeetle","G","U","28065","2.85","5961","3.42","35494","93.0%","58.5%","6544","61.0%","7979","59.2%","14523","60.0%","20891","57.3%","2.7pp"
"Overrun","G","U","28117","2.84","4086","3.36","22252","87.7%","57.0%","3707","54.5%","5174","59.9%","8881","57.7%","13381","56.5%","1.1pp"
"Reclamation Sage","G","U","47142","4.73","5591","6.31","22135","65.8%","52.7%","3834","50.0%","4989","52.5%","8823","51.4%","13261","53.5%","-2.1pp"
"Scavenging Ooze","G","R","4020","1.13","2045","1.12","11411","87.3%","59.0%","2036","62.6%","2719","64.3%","4755","63.5%","6619","55.7%","7.8pp"
"Snakeskin Veil","G","U","42866","4.28","6272","5.58","32790","83.8%","56.3%","5439","55.4%","7585","56.9%","13024","56.2%","19506","56.2%","0.0pp"
"Vivien Reid","G","M","1987","1.14","1263","1.13","6898","85.8%","58.2%","1196","62.4%","1615","64.4%","2811","63.5%","4082","54.5%","9.0pp"
"Wary Thespian","G","C","127578","5.35","19243","6.83","102215","84.1%","57.4%","18713","59.6%","23174","56.5%","41887","57.9%","60194","56.9%","1.0pp"
"Wildwood Scourge","G","U","40021","3.90","5138","4.91","25790","83.1%","54.2%","4547","53.7%","5932","54.3%","10479","54.1%","15254","54.1%","-0.1pp"
"Balmor, Battlemage Captain","UR","U","47411","4.54","6353","5.14","24574","63.9%","55.3%","4263","57.2%","6438","57.2%","10701","57.2%","13877","53.8%","3.4pp"
"Consuming Aberration","UB","R","6120","1.60","1867","1.61","8950","78.4%","53.6%","1564","50.1%","2632","58.0%","4196","55.1%","4754","52.2%","2.8pp"
"Empyrean Eagle","WU","U","26556","2.62","6207","2.84","31626","81.0%","58.2%","5536","60.9%","8796","61.4%","14332","61.2%","17131","55.6%","5.6pp"
"Good-Fortune Unicorn","WG","U","35496","3.34","3816","3.95","17075","75.1%","53.3%","3023","54.6%","3883","52.5%","6906","53.4%","10087","53.2%","0.3pp"
"Heroic Reinforcements","WR","U","32010","3.06","3002","3.58","11932","65.2%","53.9%","2002","53.7%","2586","56.7%","4588","55.4%","7343","53.1%","2.3pp"
"Lathril, Blade of the Elves","BG","R","9458","2.23","1852","2.29","7136","65.1%","51.3%","1214","50.7%","1777","51.7%","2991","51.3%","4151","51.2%","0.1pp"
"Muldrotha, the Gravetide","UBG","M","2902","1.54","1058","1.48","4518","72.3%","51.2%","748","49.7%","1281","58.7%","2029","55.4%","2472","47.6%","7.8pp"
"Progenitus","WUBRG","M","5916","2.63","517","3.10","136","4.3%","","25","","44","","69","","75","",""
"Ruby, Daring Tracker","RG","U","43049","4.09","4965","4.68","21348","68.3%","58.2%","3694","60.0%","4473","57.9%","8167","58.9%","13170","57.7%","1.2pp"
"Swiftblade Vindicator","WR","R","4516","1.26","605","1.26","2089","60.4%","51.5%","401","","422","","823","52.2%","1247","51.1%","1.2pp"
"Tatyova, Benthic Druid","UG","U","32765","3.17","5731","3.70","26214","75.7%","53.2%","4414","52.6%","7014","56.1%","11428","54.7%","14742","51.9%","2.8pp"
"Thousand-Year Storm","UR","R","12637","2.78","739","3.31","637","14.4%","44.0%","110","","183","","293","","344","",""
"Adventuring Gear","","U","56979","7.02","5168","10.11","3755","11.8%","49.0%","648","41.0%","870","49.2%","1518","45.7%","2237","51.2%","-5.5pp"
"Burnished Hart","","U","56979","6.92","10265","8.99","21672","34.6%","50.7%","3962","47.6%","5194","49.8%","9156","48.9%","12464","52.0%","-3.1pp"
"Campus Guide","","C","143328","7.06","21690","9.42","51421","37.9%","53.9%","9861","54.0%","12011","52.5%","21872","53.2%","29411","54.3%","-1.1pp"
"Gleaming Barrier","","C","144679","8.55","18602","11.43","15246","13.0%","50.2%","2790","46.2%","3635","48.2%","6425","47.3%","8785","52.3%","-5.0pp"
"Goldvein Pick","","C","140520","6.24","22628","8.40","77476","54.0%","56.4%","13495","56.5%","18990","56.2%","32485","56.3%","44940","56.4%","-0.1pp"
"Heraldic Banner","","U","52777","5.22","8835","6.89","32113","58.2%","55.7%","5758","56.0%","7554","55.4%","13312","55.6%","18793","55.7%","-0.1pp"
"Juggernaut","","U","55807","6.07","4491","8.97","7154","25.9%","53.6%","1195","50.0%","1653","52.3%","2848","51.3%","4311","55.1%","-3.7pp"
"Meteor Golem","","U","52869","5.26","9086","7.06","36129","63.4%","56.3%","6013","53.3%","9431","60.1%","15444","57.5%","20622","55.4%","2.1pp"
"Solemn Simulacrum","","R","3884","1.13","2123","1.14","12681","96.2%","56.9%","2162","60.5%","3273","59.4%","5435","59.8%","7216","54.7%","5.2pp"
"Swiftfoot Boots","","U","58788","8.43","12132","10.70","10072","13.2%","48.7%","1678","41.7%","2332","46.4%","4010","44.4%","6062","51.5%","-7.1pp"
"Bloodfell Caves","","C","57813","4.34","3972","6.24","16159","65.0%","56.9%","3070","58.9%","3546","54.5%","6616","56.6%","9537","57.2%","-0.6pp"
"Blossoming Sands","","C","61444","4.57","3424","6.83","12864","61.6%","54.6%","2395","56.8%","2872","51.7%","5267","54.0%","7585","55.0%","-1.0pp"
"Dismal Backwater","","C","61955","4.69","8476","6.31","41440","77.1%","57.4%","7571","59.8%","11214","57.8%","18785","58.6%","22613","56.4%","2.2pp"
"Evolving Wilds","","C","105109","3.96","15200","5.66","88564","93.3%","56.9%","16521","58.2%","21519","56.5%","38040","57.2%","50446","56.7%","0.5pp"
"Jungle Hollow","","C","64994","5.07","5892","7.11","21994","60.3%","54.0%","4064","56.3%","5156","53.0%","9220","54.5%","12756","53.5%","0.9pp"
"Rogue's Passage","","U","55461","6.04","6785","8.36","28069","65.3%","56.7%","4650","56.3%","6848","58.4%","11498","57.5%","16544","56.0%","1.5pp"
"Rugged Highlands","","C","61847","4.71","3130","6.77","12373","64.0%","56.4%","2356","57.3%","2629","53.1%","4985","55.1%","7382","57.4%","-2.3pp"
"Scoured Barrens","","C","57988","4.23","5365","6.11","23658","70.7%","55.7%","4300","56.7%","5625","54.7%","9925","55.6%","13721","55.8%","-0.2pp"
"Secluded Courtyard","","U","57717","8.43","8484","11.37","4764","8.7%","51.3%","905","49.6%","1104","52.0%","2009","50.9%","2753","51.5%","-0.6pp"
"Swiftwater Cliffs","","C","61310","4.69","3785","6.74","13836","58.5%","55.6%","2660","58.9%","3470","55.9%","6130","57.2%","7687","54.4%","2.9pp"
"Thornwood Falls","","C","65581","5.11","5917","6.98","23599","64.3%","54.8%","4340","57.3%","6026","56.5%","10366","56.8%","13195","53.1%","3.7pp"
"Tranquil Cove","","C","58117","4.27","4953","6.08","22297","72.2%","56.4%","4067","59.3%","5809","55.6%","9876","57.1%","12390","55.8%","1.4pp"
"Wind-Scarred Crag","","C","57899","4.25","2344","6.33","8321","58.7%","53.7%","1509","54.6%","1821","51.5%","3330","52.9%","4989","54.3%","-1.3pp"
"Condemn","W","U","1030","2.63","230","3.10","1196","83.9%","57.0%","219","","292","","511","55.2%","675","58.4%","-3.2pp"
"Sphinx's Tutelage","U","U","1987","4.97","401","6.05","1468","61.6%","55.2%","228","","434","","662","58.0%","803","53.1%","5.0pp"
"Grim Tutor","B","M","881","2.42","123","","219","28.6%","","45","","50","","95","","124","",""
"Goblin Bushwhacker","R","C","1930","4.86","205","6.34","723","57.9%","52.8%","133","","165","","298","","425","",""
"Embercleave","R","M","311","1.09","189","","1108","87.4%","61.8%","191","","233","","424","","684","58.0%",""
"Paradise Druid","G","U","1065","2.65","257","3.18","1430","89.0%","56.0%","272","","296","","568","59.2%","861","53.9%","5.3pp"
"Bloom Tender","G","R","541","1.71","112","","529","82.4%","52.6%","103","","121","","224","","305","",""
"Akroma's Memorial","","M","445","1.45","219","1.46","1123","85.5%","56.3%","182","","283","","465","","649","55.2%",""
"Temporal Manipulation","U","M","432","1.29","144","","666","82.1%","52.0%","103","","198","","301","","366","",""
"Fiend Artisan","BG","M","500","1.50","227","1.53","1199","87.8%","56.0%","214","","301","","515","57.9%","681","54.6%","3.2pp"